Id, Name, Description (not complete yet)
1 | Halsell Welcome Building | 
2 | H-E-B Discovery Center | 
3 | The Zachry Foundation Culinary Garden | 
4 | Goldsbury Foundation Pavilion/CHEF Teaching Kitchen | 
5 | Mays Family Display Garden | 
6 | Kumamoto En Japanese Garden | 
7 | Sensory Garden | 
8 | The Betty Kelso Center | 
9 | Greehey Lawn | 
10 | John L. Santikos Fountain of the Ferns | 
11 | Circle Bar Foundation Wisteria Arbor | 
12 | Sullivan Carriage House/Restaurant | 
13 | Richmond Plaza | 
14 | Rose and Old-Fashioned Gardens | 
15 | Sacred Garden | 
16 | WaterSaver Lane | 
17 | WaterSaver Community Garden | 
18 | Overlook and Acequia | 
19 | Amphitheater | 
20 | Cactus and Succulent Garden | 
21 | Children’s Vegetable Garden | 
22 | Event Tent | 
23 | Exhibit Room | 
24 | Kleberg Desert Pavilion | 
25 | Northrup Tropical Room | 
26 | Palm and Cycad Pavilion | 
27 | Fern Grotto | 
28 | Texas Native Trail Pavilion | 
29 | Auld House | 
30 | Schumacher House | 
31 | East Texas Log Cabin | 
32 | Bird Watch | 
33 | Adobe House | 
